kmeans_cluster,N,P,K,ph,cluster_size
0,21.989999999999995,133.375,200.00000000000006,5.977799806455,200
1,53.40799999999999,45.3615,32.964000000000006,6.5186480911365,2000
